interview_id,turn_idx,gpt_label,gpt_confidence
177390,6,POSITIVE,1
119891,6,POSITIVE,1
100065,0,POSITIVE,1
150202,3,NEUTRAL,1
150526,3,POSITIVE,1
167290,9,NEGATIVE,1
167840,0,NEGATIVE,1
140722,0,POSITIVE,1
90017,2,NEUTRAL,1
140547,0,POSITIVE,1
120609,7,NEUTRAL,1
159978,10,POSITIVE,1
140455,5,POSITIVE,1
167840,3,POSITIVE,1
167583,1,NEUTRAL,1
176984,1,NEGATIVE,1
99414,4,POSITIVE,1
119929,4,NEGATIVE,1
140680,1,NEGATIVE,1
167072,14,NEUTRAL,1
167292,7,NEUTRAL,0
120505,7,NEGATIVE,1
159979,1,POSITIVE,1
99498,3,POSITIVE,1
99911,10,NEUTRAL,0
89895,7,POSITIVE,1
160301,3,NEUTRAL,0
130655,8,POSITIVE,1
167584,0,NEUTRAL,0
109710,3,POSITIVE,1
150299,8,NEUTRAL,0
89966,7,NEUTRAL,0
151028,3,POSITIVE,1
167090,3,NEGATIVE,1
89720,10,POSITIVE,1
99995,9,NEUTRAL,0
109714,2,POSITIVE,1
89777,14,POSITIVE,1
131030,5,POSITIVE,1
176829,3,NEUTRAL,0
109779,1,NEUTRAL,0
160219,0,POSITIVE,1
140535,0,NEUTRAL,0
90023,2,NEUTRAL,0
176992,4,POSITIVE,1
99827,7,POSITIVE,1
120420,1,NEUTRAL,0
140452,6,NEGATIVE,1
150939,0,NEUTRAL,0
167115,0,POSITIVE,1
130381,11,POSITIVE,1
176826,1,NEUTRAL,0
176916,3,POSITIVE,1
140373,10,POSITIVE,1
89663,10,POSITIVE,1
150487,0,NEUTRAL,0
176841,3,NEUTRAL,0
110195,8,NEGATIVE,1
99855,4,NEUTRAL,0
130570,4,POSITIVE,1
90115,5,NEGATIVE,1
150541,4,POSITIVE,1
167091,6,POSITIVE,1
177342,0,POSITIVE,1
177482,3,POSITIVE,1
167882,3,POSITIVE,1
167887,13,NEUTRAL,0
167777,1,POSITIVE,1
160133,4,POSITIVE,1
160217,4,POSITIVE,1
90120,1,NEUTRAL,0
150482,2,NEUTRAL,0
177344,4,POSITIVE,1
150643,4,NEUTRAL,0
120416,1,POSITIVE,1
99834,11,NEUTRAL,0
89890,2,POSITIVE,1
177286,0,POSITIVE,1
99410,11,NEUTRAL,0
130381,15,NEUTRAL,0
90171,2,POSITIVE,1
120271,4,NEGATIVE,1
130695,7,NEUTRAL,1
140728,4,NEUTRAL,1
176981,0,NEUTRAL,1
99834,4,NEGATIVE,1
176828,2,POSITIVE,1
150345,8,NEUTRAL,1
160282,0,NEUTRAL,1
160171,3,POSITIVE,1
167637,2,NEUTRAL,1
109806,1,NEUTRAL,1
120320,0,POSITIVE,1
99996,8,NEGATIVE,1
100061,2,NEUTRAL,1
90154,3,NEGATIVE,1
176982,7,POSITIVE,1
167072,9,POSITIVE,1
90147,1,NEUTRAL,1
90118,5,NEGATIVE,1
150639,4,NEUTRAL,1
177138,7,POSITIVE,1
99469,7,NEGATIVE,1
120608,8,POSITIVE,1
167070,14,POSITIVE,1
89870,9,POSITIVE,1
176977,4,NEUTRAL,1
140549,0,POSITIVE,1
130610,7,NEUTRAL,1
167586,9,NEUTRAL,1
150643,1,NEUTRAL,1
110129,0,NEUTRAL,1
89660,7,NEUTRAL,1
167642,1,POSITIVE,1
167146,5,NEUTRAL,1
177091,5,POSITIVE,1
140677,2,POSITIVE,1
99832,1,POSITIVE,1
167210,6,POSITIVE,1
130613,12,POSITIVE,1
140660,8,NEUTRAL,1
167207,5,NEUTRAL,1
150640,0,NEUTRAL,1
167089,0,NEUTRAL,1
167066,8,POSITIVE,1
150345,11,NEUTRAL,1
177036,3,POSITIVE,1
110236,4,NEUTRAL,1
99976,4,POSITIVE,1
176989,5,NEUTRAL,1
177339,1,POSITIVE,1
159997,0,NEGATIVE,1
150176,3,POSITIVE,1
130613,7,NEGATIVE,1
90150,5,NEUTRAL,1
99566,3,NEUTRAL,1
120268,8,NEUTRAL,1
99997,12,NEGATIVE,1
167582,8,POSITIVE,1
140652,0,POSITIVE,1
99854,1,NEUTRAL,1
120330,1,NEUTRAL,1
99457,4,POSITIVE,1
167887,2,NEGATIVE,1
109809,0,NEUTRAL,1
99974,2,NEUTRAL,1
120390,2,NEUTRAL,1
120281,3,POSITIVE,1
167829,6,NEUTRAL,1
120282,5,NEGATIVE,1
150541,9,NEUTRAL,1
110230,12,NEUTRAL,1
119933,1,NEUTRAL,1
177388,3,NEUTRAL,1
150543,3,POSITIVE,1
120315,7,POSITIVE,1
109769,9,POSITIVE,1
130381,0,NEUTRAL,1
177230,6,NEUTRAL,1
177225,0,POSITIVE,1
120324,0,NEUTRAL,1
99473,3,POSITIVE,1
176987,5,POSITIVE,1
89884,10,POSITIVE,1
177081,0,NEUTRAL,1
167069,11,NEGATIVE,1
89889,20,NEUTRAL,1
90173,7,NEUTRAL,1
167110,6,POSITIVE,1
150189,4,POSITIVE,1
150524,6,POSITIVE,1
150962,1,NEUTRAL,1
89956,1,NEUTRAL,1
89747,3,NEGATIVE,1
167206,7,POSITIVE,1
130601,7,NEGATIVE,1
89720,9,NEUTRAL,1
100066,2,POSITIVE,1
99997,10,NEUTRAL,1
159980,2,NEUTRAL,1
150960,1,POSITIVE,1
150975,7,POSITIVE,1
90116,5,POSITIVE,1
167296,4,POSITIVE,1
177342,1,POSITIVE,1
159957,4,NEUTRAL,1
177133,0,NEUTRAL,1
167205,4,NEUTRAL,1
119876,0,NEUTRAL,1
177482,5,NEGATIVE,1
120420,3,NEUTRAL,1
89744,6,NEUTRAL,1
130623,1,POSITIVE,1
176826,8,NEUTRAL,1
130619,11,NEUTRAL,1
160006,4,NEGATIVE,1
99493,0,NEUTRAL,1
160220,10,NEGATIVE,1
120495,8,POSITIVE,1
120674,10,NEGATIVE,1
99859,9,NEUTRAL,1
99564,11,NEUTRAL,1
177301,3,POSITIVE,1
167114,4,POSITIVE,1
130361,7,POSITIVE,1
167773,3,POSITIVE,1
177398,2,NEGATIVE,1
130704,2,POSITIVE,1
130465,2,NEUTRAL,1
99557,17,NEUTRAL,1
120541,7,NEGATIVE,1
150640,4,NEUTRAL,1
150180,9,POSITIVE,1
167093,18,POSITIVE,1
160162,9,POSITIVE,1
140653,5,POSITIVE,1
89747,7,NEUTRAL,1
109775,3,NEUTRAL,1
176820,1,POSITIVE,1
120276,1,NEUTRAL,1
140491,16,NEUTRAL,0
167887,5,NEUTRAL,0
150541,6,POSITIVE,1
99416,1,POSITIVE,1
89956,5,POSITIVE,1
89917,1,NEGATIVE,1
150300,2,NEUTRAL,0
120282,0,NEUTRAL,0
177402,4,NEUTRAL,0
90175,15,POSITIVE,1
120320,3,NEGATIVE,1
150267,9,NEUTRAL,0
130432,3,POSITIVE,1
159945,7,POSITIVE,1
130357,3,NEUTRAL,0
130419,0,NEGATIVE,1
130655,6,POSITIVE,1
177137,0,POSITIVE,1
119938,4,POSITIVE,1
177390,0,NEUTRAL,0
150346,2,POSITIVE,1
89714,4,NEUTRAL,1
89661,1,POSITIVE,1
99497,3,NEUTRAL,1
89951,7,NEUTRAL,1
99410,10,NEUTRAL,1
150544,12,NEUTRAL,1
131025,4,POSITIVE,1
150461,2,NEUTRAL,1
110229,2,NEUTRAL,1
140381,4,NEUTRAL,1
160145,3,POSITIVE,1
130610,8,NEUTRAL,1
167834,6,NEUTRAL,1
109714,10,NEGATIVE,1
130418,10,POSITIVE,1
119928,6,NEUTRAL,1
130565,7,POSITIVE,1
177065,5,POSITIVE,1
120420,9,NEUTRAL,1
150279,1,POSITIVE,1
159959,5,NEUTRAL,0
89745,0,POSITIVE,1
130356,4,NEGATIVE,1
99912,4,NEUTRAL,0
160222,1,POSITIVE,1
140491,13,NEUTRAL,1
150538,3,NEUTRAL,0
120274,5,POSITIVE,1
130616,3,NEUTRAL,0
130692,2,NEGATIVE,1
150342,3,POSITIVE,1
140544,12,POSITIVE,1
150481,1,NEGATIVE,1
167098,5,POSITIVE,1
140379,0,POSITIVE,1
120320,9,NEUTRAL,0
140680,7,NEUTRAL,0
120271,8,NEUTRAL,0
130354,4,NEUTRAL,0
177282,0,POSITIVE,1
120329,0,NEUTRAL,0
167593,8,NEUTRAL,0
119932,2,NEUTRAL,0
100001,1,POSITIVE,1
90174,2,POSITIVE,1
140446,15,NEUTRAL,0
140631,13,POSITIVE,1
120269,4,NEGATIVE,1
120388,3,POSITIVE,1
109862,5,NEUTRAL,0
177346,7,NEGATIVE,1
130613,14,NEUTRAL,0
177037,1,NEUTRAL,0
160131,7,POSITIVE,1
130376,0,POSITIVE,1
110342,0,NEGATIVE,1
140369,9,NEUTRAL,0
119882,7,POSITIVE,1
120535,0,NEUTRAL,0
99496,5,NEUTRAL,1
120388,9,NEGATIVE,1
140732,2,POSITIVE,1
89873,5,NEGATIVE,1
130381,2,NEUTRAL,1
120495,13,NEUTRAL,1
159945,8,POSITIVE,1
160133,9,POSITIVE,1
130620,11,NEUTRAL,1
150538,8,POSITIVE,1
160302,8,NEUTRAL,1
176986,2,NEUTRAL,1
159992,6,POSITIVE,1
150488,7,NEGATIVE,1
177125,4,NEUTRAL,1
90181,0,NEUTRAL,1
140635,3,POSITIVE,1
90175,5,POSITIVE,1
140677,8,POSITIVE,1
90014,8,NEUTRAL,1
99858,3,NEGATIVE,1
150356,0,NEUTRAL,0
150296,0,POSITIVE,1
90244,2,POSITIVE,1
89952,13,POSITIVE,1
89718,3,NEGATIVE,1
90242,0,NEGATIVE,1
177133,10,NEUTRAL,0
150602,2,NEUTRAL,0
90020,0,NEUTRAL,0
99830,11,NEUTRAL,0
167770,0,POSITIVE,1
160004,0,POSITIVE,1
167093,8,NEUTRAL,0
167092,8,NEUTRAL,0
99410,8,POSITIVE,1
109861,10,POSITIVE,1
176904,7,NEGATIVE,1
130381,23,NEUTRAL,0
160145,4,POSITIVE,1
110340,0,POSITIVE,1
160299,3,POSITIVE,1
160175,0,NEGATIVE,1
167642,13,POSITIVE,1
140655,3,NEUTRAL,1
177388,1,POSITIVE,1
167566,6,POSITIVE,1
150553,6,NEUTRAL,0
120327,12,POSITIVE,1
167072,3,NEUTRAL,1
99972,1,NEUTRAL,1
130381,18,NEUTRAL,1
167068,4,POSITIVE,1
119820,1,POSITIVE,1
119890,1,NEUTRAL,1
99911,5,NEGATIVE,1
177154,7,NEUTRAL,1
90014,14,NEUTRAL,1
167413,1,NEGATIVE,1
99858,0,POSITIVE,1
177126,7,POSITIVE,1
167841,11,POSITIVE,1
176905,7,POSITIVE,1
177064,5,POSITIVE,1
167287,4,NEUTRAL,1
120000,0,POSITIVE,1
150300,7,NEUTRAL,1
89876,1,NEGATIVE,1
120002,0,NEUTRAL,1
120271,1,NEUTRAL,1
177347,6,NEUTRAL,0
110193,5,NEUTRAL,1
130354,2,POSITIVE,1
140374,0,POSITIVE,1
130610,11,NEUTRAL,1
99915,13,POSITIVE,1
160337,5,POSITIVE,1
120605,4,POSITIVE,1
150267,4,NEUTRAL,1
99995,3,NEUTRAL,1
150529,4,NEUTRAL,1
140657,3,POSITIVE,1
167773,8,NEUTRAL,1
177140,8,NEUTRAL,1
177285,6,POSITIVE,1
89711,1,NEUTRAL,1
120320,2,NEUTRAL,1
89716,3,NEUTRAL,1
90241,1,NEUTRAL,1
109807,5,POSITIVE,1
176992,7,NEUTRAL,1
177139,3,NEGATIVE,1
150480,6,POSITIVE,1
99463,5,NEUTRAL,1
89718,5,NEGATIVE,1
177282,1,NEUTRAL,1
150540,8,NEUTRAL,1
167772,13,NEUTRAL,1
130610,2,POSITIVE,1
159999,3,POSITIVE,1
89742,3,NEGATIVE,1
109769,11,POSITIVE,1
89749,1,NEUTRAL,1
131030,7,POSITIVE,1
119798,0,POSITIVE,1
130546,4,POSITIVE,1
177136,2,NEUTRAL,1
159955,6,NEUTRAL,1
167068,9,NEUTRAL,1
160151,1,NEGATIVE,1
99496,3,NEUTRAL,1
130599,11,NEUTRAL,1
140656,5,NEGATIVE,1
109714,3,NEUTRAL,1
176826,3,NEUTRAL,1
140547,6,NEUTRAL,1
150524,13,POSITIVE,1
110130,1,NEUTRAL,1
89966,28,NEUTRAL,1
150540,9,POSITIVE,1
150937,6,POSITIVE,1
167069,10,POSITIVE,1
176837,2,POSITIVE,1
89749,2,NEUTRAL,1
150643,7,POSITIVE,1
177096,5,NEUTRAL,1
130469,4,NEUTRAL,1
130361,3,NEUTRAL,1
167777,4,NEUTRAL,1
177404,8,NEUTRAL,1
177233,4,POSITIVE,1
140457,0,NEGATIVE,1
99411,2,POSITIVE,1
167117,1,NEUTRAL,1
159959,0,NEUTRAL,1
130564,0,NEGATIVE,1
119929,0,NEUTRAL,1
150489,0,NEUTRAL,1
89874,6,POSITIVE,1
120281,4,NEUTRAL,1
160138,1,NEUTRAL,1
150555,10,POSITIVE,1
130691,12,NEUTRAL,1
89836,2,POSITIVE,1
140549,7,NEUTRAL,1
167588,6,NEUTRAL,1
160141,1,NEUTRAL,1
176980,0,POSITIVE,1
160173,5,POSITIVE,1
140389,4,NEGATIVE,1
110294,7,POSITIVE,1
150554,4,POSITIVE,1
167835,0,POSITIVE,1
90181,2,NEUTRAL,1
131026,8,NEUTRAL,1
159959,4,NEGATIVE,1
167110,7,POSITIVE,1
130601,6,POSITIVE,1
177086,4,NEUTRAL,1
167355,1,NEUTRAL,1
167566,5,POSITIVE,1
140381,6,POSITIVE,1
90175,1,POSITIVE,1
130692,6,POSITIVE,1
110341,1,NEGATIVE,1
120323,7,NEGATIVE,1
150459,9,NEGATIVE,1
160066,5,POSITIVE,1
120605,12,NEUTRAL,1
89778,5,POSITIVE,1
167292,0,NEGATIVE,1
150497,1,NEUTRAL,1
167842,9,NEUTRAL,1
99501,0,NEUTRAL,1
109719,7,NEUTRAL,1
99472,5,NEUTRAL,1
167639,1,POSITIVE,1
160133,15,POSITIVE,1
140369,11,POSITIVE,1
150966,5,POSITIVE,1
150525,6,NEGATIVE,1
177486,4,POSITIVE,1
89954,4,POSITIVE,1
177485,2,POSITIVE,1
90211,3,NEUTRAL,0
159952,7,NEUTRAL,0
120541,5,POSITIVE,1
167880,1,NEUTRAL,0
160297,1,POSITIVE,1
131029,2,POSITIVE,1
160214,0,POSITIVE,1
120675,5,POSITIVE,1
176978,4,POSITIVE,1
109720,4,NEUTRAL,0
177281,5,POSITIVE,1
177221,2,NEGATIVE,1
176973,0,POSITIVE,1
150600,6,NEGATIVE,1
167072,7,NEUTRAL,0
130620,8,POSITIVE,1
167770,1,NEUTRAL,0
120617,0,POSITIVE,1
176837,3,NEUTRAL,0
90118,4,NEUTRAL,0
89742,0,NEUTRAL,0
90155,4,POSITIVE,1
177226,1,POSITIVE,1
119881,3,POSITIVE,1
99910,12,NEUTRAL,0
150975,5,NEUTRAL,0
177120,12,NEUTRAL,0
130374,10,POSITIVE,1
110107,0,NEGATIVE,1
120385,5,NEUTRAL,0
89897,4,NEUTRAL,0
160149,4,POSITIVE,1
150536,5,NEUTRAL,0
120493,10,POSITIVE,1
99915,0,NEUTRAL,0
90177,3,NEUTRAL,0
150264,1,NEUTRAL,0
140689,4,POSITIVE,1
99859,10,NEGATIVE,1
167117,3,NEUTRAL,0
150202,0,POSITIVE,1
177153,9,NEUTRAL,0
150459,0,NEUTRAL,0
119867,7,NEGATIVE,1
130374,3,POSITIVE,1
109719,0,POSITIVE,1
177345,2,NEGATIVE,1
140652,3,NEUTRAL,0
120328,3,NEUTRAL,0
140387,8,NEUTRAL,0
120487,7,NEUTRAL,0
89779,1,POSITIVE,1
140546,3,POSITIVE,1
159983,7,POSITIVE,1
99491,0,NEGATIVE,1
177338,4,NEGATIVE,1
167095,1,POSITIVE,1
140363,0,NEUTRAL,1
130474,4,POSITIVE,1
177452,2,NEUTRAL,1
120539,11,POSITIVE,1
99979,3,POSITIVE,1
140677,11,NEUTRAL,1
177285,10,POSITIVE,1
150267,11,NEUTRAL,1
167782,3,POSITIVE,1
167842,8,POSITIVE,1
150481,5,POSITIVE,1
150968,2,POSITIVE,1
130564,12,NEUTRAL,1
167592,5,NEGATIVE,1
99471,2,NEUTRAL,1
109716,1,NEUTRAL,1
177138,2,NEUTRAL,1
167060,8,POSITIVE,1
99904,3,NEGATIVE,1
89894,0,NEUTRAL,1
150353,1,POSITIVE,1
176831,9,NEUTRAL,1
140457,3,POSITIVE,1
130349,3,NEUTRAL,1
177331,6,NEUTRAL,1
167057,8,POSITIVE,1
89837,10,NEUTRAL,1
140692,2,POSITIVE,1
89892,4,NEUTRAL,1
99915,9,NEUTRAL,1
167205,9,NEUTRAL,1
120320,10,POSITIVE,1
177305,1,NEUTRAL,1
120388,10,NEGATIVE,1
167637,3,NEUTRAL,1
89871,5,NEGATIVE,1
177121,9,NEGATIVE,1
120611,13,POSITIVE,1
176983,4,NEUTRAL,1
120000,6,POSITIVE,1
159953,7,NEUTRAL,0
167196,9,POSITIVE,1
176916,7,NEUTRAL,0
167097,2,POSITIVE,1
140676,4,NEUTRAL,0
130567,2,POSITIVE,1
176831,1,POSITIVE,1
167112,1,NEUTRAL,0
167888,3,NEUTRAL,0
150554,1,POSITIVE,1
176840,4,NEUTRAL,0
159952,0,NEUTRAL,0
150461,0,NEUTRAL,0
159983,0,POSITIVE,1
130483,8,NEUTRAL,0
130573,4,NEUTRAL,0
177090,9,POSITIVE,1
99467,7,NEUTRAL,0
167880,9,NEUTRAL,0
99831,5,NEUTRAL,1
176973,9,POSITIVE,1
167773,7,POSITIVE,1
119866,0,POSITIVE,1
89816,2,POSITIVE,1
167072,2,NEUTRAL,1
120488,7,NEUTRAL,1
150355,7,POSITIVE,1
89886,2,NEGATIVE,1
89889,8,POSITIVE,1
120488,2,NEUTRAL,1
159958,3,POSITIVE,1
99911,8,NEUTRAL,1
159950,7,POSITIVE,1
140686,6,NEGATIVE,1
119819,5,NEUTRAL,1
99564,9,NEUTRAL,1
167096,1,POSITIVE,1
177101,5,POSITIVE,1
160222,3,POSITIVE,1
140446,14,POSITIVE,1
160135,6,POSITIVE,1
110108,8,NEUTRAL,1
150176,5,NEUTRAL,1
119927,5,POSITIVE,1
99410,9,NEGATIVE,1
150640,5,NEUTRAL,1
160299,11,POSITIVE,1
177306,3,NEUTRAL,1
120611,17,NEUTRAL,1
177298,1,NEUTRAL,1
167773,5,POSITIVE,1
89953,6,NEUTRAL,1
99557,4,POSITIVE,1
89746,2,NEUTRAL,1
140363,6,POSITIVE,1
120603,4,POSITIVE,1
167776,4,NEUTRAL,1
176840,5,POSITIVE,1
100000,0,POSITIVE,1
150203,5,NEUTRAL,1
99477,5,POSITIVE,1
109861,1,NEUTRAL,1
177394,0,NEUTRAL,1
99557,14,NEUTRAL,1
99468,14,POSITIVE,1
167925,8,POSITIVE,1
167413,5,POSITIVE,1
110108,2,POSITIVE,1
99458,4,NEUTRAL,1
167095,8,NEUTRAL,1
130432,5,NEUTRAL,1
130623,10,POSITIVE,1
110128,7,POSITIVE,1
130695,5,NEUTRAL,1
159952,2,POSITIVE,1
167927,0,POSITIVE,1
160602,5,POSITIVE,1
120276,11,NEUTRAL,1
130575,7,POSITIVE,1
130362,0,POSITIVE,1
167209,3,POSITIVE,1
176916,10,NEGATIVE,1
89737,6,NEUTRAL,1
89720,2,POSITIVE,1
160071,11,POSITIVE,1
89661,0,NEUTRAL,1
177083,6,POSITIVE,1
167640,4,POSITIVE,1
119820,7,NEUTRAL,1
140657,8,NEGATIVE,1
140634,6,POSITIVE,1
167408,5,NEGATIVE,1
150192,8,POSITIVE,1
100063,3,NEUTRAL,1
176832,2,POSITIVE,1
120307,12,NEUTRAL,1
167592,0,POSITIVE,1
150555,2,NEGATIVE,1
119997,7,NEGATIVE,1
100051,1,NEUTRAL,0
140453,1,POSITIVE,1
177057,11,POSITIVE,1
177059,6,NEUTRAL,0
177229,4,NEUTRAL,0
167583,5,POSITIVE,1
140695,4,POSITIVE,1
150600,0,POSITIVE,1
176831,6,POSITIVE,1
160071,6,POSITIVE,1
177232,1,POSITIVE,1
89894,1,NEGATIVE,1
89787,4,NEUTRAL,0
89872,8,POSITIVE,1
177065,8,NEUTRAL,0
177475,5,NEGATIVE,1
120499,6,NEUTRAL,0
140541,0,NEUTRAL,0
160218,3,NEUTRAL,0
120487,1,POSITIVE,1
130358,6,NEGATIVE,1
167887,4,POSITIVE,1
177283,0,POSITIVE,1
140363,3,NEUTRAL,0
99465,6,NEGATIVE,1
109814,0,POSITIVE,1
176982,9,NEGATIVE,1
130695,3,NEUTRAL,0
89889,13,NEGATIVE,1
150346,16,POSITIVE,1
160297,12,NEUTRAL,0
177477,1,NEGATIVE,1
120327,3,NEUTRAL,0
99474,3,NEUTRAL,0
119827,6,POSITIVE,1
130382,1,POSITIVE,1
89667,3,NEUTRAL,0
167642,7,NEGATIVE,1
110236,8,POSITIVE,1
99467,0,NEUTRAL,0
120605,5,NEUTRAL,1
90170,1,NEGATIVE,1
99566,16,NEUTRAL,1
167922,7,NEGATIVE,1
160071,10,POSITIVE,1
150181,4,POSITIVE,1
119815,7,POSITIVE,1
130703,14,NEUTRAL,1
160131,5,NEUTRAL,1
140382,5,NEUTRAL,1
120538,4,POSITIVE,1
150198,1,POSITIVE,1
120271,11,NEGATIVE,1
120499,4,POSITIVE,1
120489,11,NEUTRAL,1
176839,5,POSITIVE,1
177149,6,NEGATIVE,1
99417,4,POSITIVE,1
90183,6,NEUTRAL,1
177301,2,POSITIVE,1
150977,3,POSITIVE,1
159976,3,POSITIVE,1
130619,8,POSITIVE,1
167408,4,NEUTRAL,1
130356,8,POSITIVE,1
140662,6,NEGATIVE,1
99465,7,NEUTRAL,1
150924,7,NEUTRAL,1
176988,2,NEUTRAL,1
119930,1,POSITIVE,1
167067,4,NEUTRAL,1
150277,3,NEGATIVE,1
140687,6,NEUTRAL,1
89889,2,POSITIVE,1
167880,10,NEUTRAL,1
109763,0,POSITIVE,1
109776,1,NEUTRAL,1
167118,3,POSITIVE,1
167930,0,POSITIVE,1
150553,2,POSITIVE,1
99468,12,NEUTRAL,1
150551,3,NEUTRAL,1
160133,5,POSITIVE,1
120609,5,NEGATIVE,1
167285,9,POSITIVE,1
140657,7,NEUTRAL,1
130353,3,POSITIVE,1
167068,6,NEUTRAL,1
89889,17,POSITIVE,1
130382,6,POSITIVE,1
120499,1,NEUTRAL,1
90013,1,POSITIVE,1
159948,2,NEUTRAL,1
109803,5,POSITIVE,1
140656,2,POSITIVE,1
177391,8,NEGATIVE,1
99834,6,NEGATIVE,1
167088,6,POSITIVE,1
150188,3,NEUTRAL,1
167778,6,NEUTRAL,1
177398,3,NEUTRAL,1
177119,5,NEUTRAL,1
120505,8,POSITIVE,1
177332,1,NEUTRAL,1
159951,4,POSITIVE,1
130655,5,POSITIVE,1
150525,4,NEUTRAL,1
177150,3,POSITIVE,1
119934,0,NEUTRAL,1
177303,1,NEUTRAL,1
99555,1,NEUTRAL,1
110229,9,NEUTRAL,1
99502,2,POSITIVE,1
151028,2,POSITIVE,1
177400,7,POSITIVE,1
120386,1,POSITIVE,1
99496,4,NEGATIVE,1
90173,13,POSITIVE,1
89884,12,NEUTRAL,1
90171,4,NEUTRAL,1
150177,3,NEUTRAL,1
130610,0,NEUTRAL,1
150540,4,NEUTRAL,1
150187,3,POSITIVE,1
167841,8,NEUTRAL,1
99492,9,POSITIVE,1
150300,6,POSITIVE,1
109780,12,POSITIVE,1
167416,1,NEUTRAL,1
160132,6,NEGATIVE,1
89661,9,POSITIVE,1
167628,0,POSITIVE,1
177221,3,NEUTRAL,1
130471,13,NEUTRAL,1
90017,3,NEUTRAL,1
119884,7,POSITIVE,1
130654,5,NEUTRAL,1
177090,2,POSITIVE,1
140654,7,POSITIVE,1
99904,0,NEUTRAL,1
167928,1,POSITIVE,1
140365,4,NEUTRAL,1
176910,0,NEUTRAL,1
99461,3,NEUTRAL,1
110236,1,NEUTRAL,1
119884,4,NEUTRAL,1
167783,2,NEUTRAL,1
89887,0,NEGATIVE,1
109769,8,POSITIVE,1
120427,3,NEUTRAL,1
110117,9,NEUTRAL,1
140698,7,POSITIVE,1
159960,1,POSITIVE,1
177338,7,NEUTRAL,1
90019,5,NEGATIVE,1
150279,6,POSITIVE,1
120321,4,NEUTRAL,1
167778,10,NEUTRAL,1
120503,7,NEUTRAL,1
109777,0,POSITIVE,1
140491,8,NEUTRAL,1
177280,9,NEUTRAL,1
150942,6,POSITIVE,1
90170,2,NEGATIVE,1
110117,7,POSITIVE,1
119816,3,POSITIVE,1
89957,4,POSITIVE,1
177345,4,NEUTRAL,1
99413,10,NEUTRAL,1
130704,0,NEUTRAL,1
89833,4,NEUTRAL,1
160115,2,NEUTRAL,1
176829,0,POSITIVE,1
176977,0,NEGATIVE,1
99474,0,NEUTRAL,1
110293,4,NEUTRAL,1
167205,2,NEGATIVE,1
160134,0,NEGATIVE,1
119936,2,NEGATIVE,1
150267,5,NEUTRAL,1
177121,11,POSITIVE,1
90012,1,NEUTRAL,1
130622,9,NEUTRAL,1
99830,6,NEGATIVE,1
167770,5,NEGATIVE,1
176838,4,POSITIVE,1
130432,2,NEUTRAL,1
120610,6,NEGATIVE,1
150941,2,POSITIVE,1
130471,9,NEUTRAL,1
150341,12,POSITIVE,1
150604,3,NEUTRAL,1
110109,4,POSITIVE,1
160603,0,POSITIVE,1
160134,2,NEGATIVE,1
167880,4,NEUTRAL,1
160300,5,POSITIVE,1
176981,4,NEUTRAL,1
120277,2,POSITIVE,1
150354,1,NEUTRAL,1
167210,9,POSITIVE,1
130419,3,NEUTRAL,0
99424,5,NEUTRAL,0
130698,11,NEUTRAL,0
177279,15,POSITIVE,1
150273,9,NEGATIVE,1
150544,11,POSITIVE,1
130578,3,POSITIVE,1
150267,14,NEUTRAL,0
177080,4,POSITIVE,1
159961,4,POSITIVE,1
109722,4,POSITIVE,1
110342,10,NEGATIVE,1
151027,1,NEUTRAL,0
140446,12,POSITIVE,1
160138,3,NEUTRAL,0
177344,14,POSITIVE,1
120312,11,NEGATIVE,1
177484,0,POSITIVE,1
89876,8,NEGATIVE,1
120425,2,NEUTRAL,0
167409,4,POSITIVE,1
109808,1,NEUTRAL,0
99411,3,POSITIVE,1
130362,3,POSITIVE,1
176981,2,POSITIVE,1
150975,0,POSITIVE,1
130379,11,NEUTRAL,0
167209,6,POSITIVE,1
177146,1,NEUTRAL,0
140369,8,NEUTRAL,0
167638,1,POSITIVE,1
160603,1,POSITIVE,1
120540,7,POSITIVE,1
177058,5,POSITIVE,1
120536,7,NEGATIVE,1
167094,0,NEGATIVE,1
99461,2,POSITIVE,1
109861,3,POSITIVE,1
167209,0,POSITIVE,1
167917,6,POSITIVE,1
160301,7,NEGATIVE,1
89792,2,POSITIVE,1
110195,0,NEUTRAL,1
150479,4,POSITIVE,1
150173,10,POSITIVE,1
150348,1,POSITIVE,1
150273,2,NEUTRAL,1
89776,6,NEGATIVE,1
109803,4,NEUTRAL,1
150356,4,NEUTRAL,1
99457,5,NEUTRAL,1
110229,3,NEUTRAL,1
120489,6,NEUTRAL,1
167112,4,POSITIVE,1
167828,3,POSITIVE,1
150195,2,POSITIVE,1
119827,7,NEUTRAL,1
167293,8,NEUTRAL,1
150977,9,NEUTRAL,1
167592,2,POSITIVE,1
119877,4,POSITIVE,1
140382,0,POSITIVE,1
89718,4,NEGATIVE,1
110293,5,NEGATIVE,1
90156,6,NEUTRAL,0
140658,7,NEUTRAL,0
150552,11,NEUTRAL,0
150439,2,NEUTRAL,0
140542,7,NEUTRAL,0
150346,8,POSITIVE,1
89289,8,POSITIVE,1
149954,4,POSITIVE,1
149617,6,NEUTRAL,0
119404,10,POSITIVE,1
176479,1,NEGATIVE,1
98702,14,NEUTRAL,0
166651,3,POSITIVE,1
159885,10,NEGATIVE,1
166996,2,NEGATIVE,1
166996,6,NEUTRAL,1
166978,6,POSITIVE,1
99224,0,POSITIVE,1
99023,1,NEUTRAL,1
119593,11,POSITIVE,1
89456,1,POSITIVE,1
159845,8,POSITIVE,1
149907,4,NEUTRAL,1
99151,2,NEUTRAL,1
166872,11,POSITIVE,1
159928,1,POSITIVE,1
119391,0,NEUTRAL,1
149789,3,NEUTRAL,1
130043,9,NEUTRAL,1
119312,10,NEUTRAL,1
166868,0,POSITIVE,1
129756,10,POSITIVE,1
130159,4,POSITIVE,1
139837,11,NEUTRAL,1
89177,5,NEUTRAL,1
99239,3,POSITIVE,1
89576,6,POSITIVE,1
98756,7,POSITIVE,1
176267,0,NEGATIVE,1
98691,1,POSITIVE,1
140327,10,POSITIVE,1
89409,1,NEUTRAL,0
89456,5,POSITIVE,1
119569,2,NEUTRAL,0
166910,1,POSITIVE,1
159884,10,POSITIVE,1
166905,0,POSITIVE,1
176121,4,NEGATIVE,1
119234,0,POSITIVE,1
176273,4,NEGATIVE,1
119392,13,NEUTRAL,0
119661,5,POSITIVE,1
99158,6,NEGATIVE,1
99244,3,POSITIVE,1
140082,11,NEUTRAL,0
109158,0,POSITIVE,1
119230,8,NEUTRAL,0
176274,3,POSITIVE,1
140133,4,NEUTRAL,0
139778,0,NEUTRAL,0
89144,2,NEUTRAL,0
176127,8,POSITIVE,1
140092,13,NEUTRAL,0
176349,5,NEGATIVE,1
109403,0,NEUTRAL,0
140166,1,NEUTRAL,0
130145,1,NEUTRAL,0
139975,7,NEUTRAL,0
89410,2,NEGATIVE,1
119559,5,NEUTRAL,0
129822,7,POSITIVE,1
149905,0,NEUTRAL,0
89454,9,POSITIVE,1
176198,7,POSITIVE,1
139787,9,NEGATIVE,1
166775,1,POSITIVE,1
149621,1,POSITIVE,1
149908,17,NEUTRAL,1
166880,8,NEUTRAL,1
89428,3,NEUTRAL,1
119239,2,NEGATIVE,1
119210,14,NEUTRAL,1
159670,6,NEGATIVE,1
159929,0,POSITIVE,1
99044,3,NEGATIVE,1
166878,0,NEUTRAL,1
166765,10,POSITIVE,1
98690,3,NEUTRAL,1
176649,0,POSITIVE,1
109412,4,NEUTRAL,1
89289,0,NEGATIVE,1
99249,5,NEUTRAL,1
140167,2,NEGATIVE,1
176648,5,NEGATIVE,1
149660,7,NEUTRAL,1
140086,2,NEGATIVE,1
98806,1,NEUTRAL,1
176768,7,POSITIVE,1
150097,0,POSITIVE,1
130029,6,POSITIVE,1
149617,4,NEUTRAL,1
99249,15,NEUTRAL,1
166867,3,NEUTRAL,1
149894,1,POSITIVE,1
129755,6,NEUTRAL,1
167028,9,POSITIVE,1
119392,10,NEUTRAL,1
98702,9,NEGATIVE,1
109158,4,NEUTRAL,1
140134,2,NEUTRAL,1
119428,3,POSITIVE,1
130160,0,POSITIVE,1
129913,3,POSITIVE,1
140134,13,NEUTRAL,1
149937,2,NEUTRAL,1
119478,6,POSITIVE,1
129824,5,NEUTRAL,1
140018,2,NEGATIVE,1
139983,10,NEUTRAL,1
159884,11,POSITIVE,1
176349,0,NEGATIVE,1
139707,4,NEUTRAL,1
99020,2,POSITIVE,1
89548,1,NEUTRAL,0
99164,5,NEUTRAL,1
176766,8,NEGATIVE,1
119218,2,POSITIVE,1
159911,4,NEGATIVE,1
139878,5,NEUTRAL,1
176129,2,POSITIVE,1
139790,0,POSITIVE,1
167034,7,POSITIVE,1
129837,17,NEUTRAL,1
89625,8,POSITIVE,1
166658,1,NEUTRAL,1
89253,3,NEUTRAL,1
89455,6,POSITIVE,1
159649,4,NEUTRAL,1
166875,2,NEUTRAL,1
149942,7,NEGATIVE,1
139883,4,NEGATIVE,1
89177,3,NEGATIVE,1
149679,6,NEUTRAL,1
130035,6,POSITIVE,1
119483,4,POSITIVE,1
98699,13,NEUTRAL,1
159862,5,NEGATIVE,1
176649,4,POSITIVE,1
130145,3,NEUTRAL,1
89456,4,NEUTRAL,1
129757,2,POSITIVE,1
89620,2,POSITIVE,1
166778,3,NEUTRAL,1
89489,8,NEGATIVE,1
119392,4,NEGATIVE,1
109404,7,NEUTRAL,1
130145,10,NEUTRAL,1
166651,0,POSITIVE,1
140082,0,POSITIVE,1
119495,4,NEUTRAL,1
140092,11,NEGATIVE,1
176265,4,NEUTRAL,1
98819,5,POSITIVE,1
149910,1,NEUTRAL,1
140240,5,NEUTRAL,1
149908,0,NEUTRAL,1
129796,1,NEUTRAL,1
149662,1,NEUTRAL,1
89509,12,NEUTRAL,1
129822,2,NEUTRAL,1
119484,8,POSITIVE,1
99222,5,POSITIVE,1
166867,11,NEGATIVE,1
166779,6,NEUTRAL,1
99253,4,NEUTRAL,1
176623,2,NEUTRAL,1
166908,8,NEUTRAL,1
139707,6,NEUTRAL,1
149660,0,POSITIVE,1
129996,1,NEUTRAL,1
89290,6,POSITIVE,1
140246,5,POSITIVE,1
89154,6,NEGATIVE,1
130083,10,POSITIVE,1
159860,1,NEGATIVE,1
166653,0,POSITIVE,1
119488,3,NEUTRAL,1
149908,8,POSITIVE,1
159561,6,NEUTRAL,1
166775,5,NEUTRAL,1
139846,15,NEUTRAL,1
149657,3,NEUTRAL,1
89149,3,NEUTRAL,1
119234,18,POSITIVE,1
176353,6,POSITIVE,1
140311,3,NEUTRAL,0
176271,5,NEUTRAL,0
176116,7,POSITIVE,1
99253,9,NEUTRAL,0
159593,4,POSITIVE,1
150093,7,POSITIVE,1
139846,11,POSITIVE,1
99086,4,POSITIVE,1
98748,1,POSITIVE,1
119404,22,NEGATIVE,1
176480,2,NEGATIVE,1
119378,3,NEUTRAL,0
109171,10,POSITIVE,1
166903,1,NEUTRAL,0
139837,4,POSITIVE,1
119672,3,POSITIVE,1
119594,1,NEUTRAL,0
166906,4,NEGATIVE,1
99329,9,NEUTRAL,0
159847,1,NEGATIVE,1
119594,5,NEUTRAL,0
149894,4,POSITIVE,1
140085,6,NEUTRAL,0
166674,9,POSITIVE,1
166674,4,POSITIVE,1
119219,10,POSITIVE,1
176480,1,POSITIVE,1
139841,1,NEUTRAL,0
140009,1,POSITIVE,1
89503,1,POSITIVE,1
140146,3,NEUTRAL,0
176766,2,POSITIVE,1
159892,11,NEUTRAL,0
99224,9,NEUTRAL,0
129840,8,POSITIVE,1
89513,1,POSITIVE,1
99154,3,NEUTRAL,0
99062,11,NEUTRAL,0
139985,10,POSITIVE,1
166651,8,POSITIVE,1
167030,8,POSITIVE,1
119405,1,NEUTRAL,1
89456,3,POSITIVE,1
176481,2,NEGATIVE,1
176351,5,POSITIVE,1
89491,0,POSITIVE,1
166916,0,NEUTRAL,1
149942,4,NEUTRAL,1
129744,5,POSITIVE,1
167029,17,NEUTRAL,1
159845,7,POSITIVE,1
129802,5,POSITIVE,1
139848,8,NEUTRAL,1
176127,4,NEGATIVE,1
98699,16,NEUTRAL,1
159930,7,NEGATIVE,1
99328,6,NEUTRAL,1
130145,7,NEUTRAL,1
149689,6,NEUTRAL,1
119482,6,NEUTRAL,1
140134,1,NEUTRAL,0
130083,3,POSITIVE,1
98902,0,NEUTRAL,0
176129,6,NEUTRAL,0
166873,2,POSITIVE,1
119212,8,NEUTRAL,0
129839,2,NEUTRAL,0
89143,2,NEUTRAL,0
159777,1,NEUTRAL,0
98810,2,POSITIVE,1
98902,3,NEGATIVE,1
176270,8,POSITIVE,1
98691,13,NEGATIVE,1
139790,3,POSITIVE,1
89506,6,NEUTRAL,0
89149,2,POSITIVE,1
140260,9,NEUTRAL,0
159587,0,NEUTRAL,0
139985,13,POSITIVE,1
98699,12,POSITIVE,1
119404,16,NEUTRAL,1
166982,10,POSITIVE,1
89450,4,POSITIVE,1
149785,8,POSITIVE,1
89176,1,NEGATIVE,1
130160,7,NEUTRAL,1
166781,7,POSITIVE,1
166659,4,POSITIVE,1
89470,2,POSITIVE,1
129996,0,NEUTRAL,1
129840,12,NEUTRAL,1
139844,0,NEUTRAL,1
159649,1,NEUTRAL,1
159884,1,POSITIVE,1
149905,4,NEUTRAL,1
119661,6,NEGATIVE,1
109412,0,POSITIVE,1
89157,0,NEUTRAL,1
130035,4,NEGATIVE,1
149941,4,POSITIVE,1
89506,7,POSITIVE,1
149881,0,NEUTRAL,0
140326,0,POSITIVE,1
149955,3,POSITIVE,1
166652,5,NEUTRAL,0
166781,6,POSITIVE,1
159609,0,POSITIVE,1
149663,2,POSITIVE,1
166977,11,NEGATIVE,1
89581,4,NEUTRAL,0
109403,11,NEGATIVE,1
149686,1,NEUTRAL,0
176770,1,NEGATIVE,1
150094,0,POSITIVE,1
166775,4,NEGATIVE,1
129837,10,NEUTRAL,0
166879,7,NEUTRAL,0
109274,6,POSITIVE,1
150095,5,NEGATIVE,1
149998,1,NEUTRAL,0
99169,5,NEGATIVE,1
98820,7,NEUTRAL,0
139692,5,POSITIVE,1
140083,0,NEUTRAL,0
119210,12,NEUTRAL,0
139777,3,NEGATIVE,1
139778,9,NEUTRAL,0
159670,3,NEGATIVE,1
109410,6,POSITIVE,1
119232,9,POSITIVE,1
119217,7,POSITIVE,1
139984,4,NEUTRAL,0
140017,4,POSITIVE,1
140325,5,NEGATIVE,1
98704,9,NEGATIVE,1
140247,9,POSITIVE,1
159882,0,NEGATIVE,1
99164,0,NEGATIVE,1
159931,3,POSITIVE,1
98894,0,NEUTRAL,0
176352,3,NEGATIVE,1
99323,9,POSITIVE,1
176346,0,NEUTRAL,1
99061,19,NEUTRAL,1
119673,1,NEGATIVE,1
159887,0,NEUTRAL,1
140150,8,POSITIVE,1
119594,17,NEUTRAL,1
119428,6,NEUTRAL,1
119420,16,POSITIVE,1
166873,4,POSITIVE,1
129912,5,NEGATIVE,1
176647,6,POSITIVE,1
140012,8,NEUTRAL,1
140239,7,POSITIVE,1
176271,1,NEGATIVE,1
166776,2,POSITIVE,1
89162,2,NEUTRAL,1
159563,9,POSITIVE,1
129751,3,NEUTRAL,1
99224,12,NEUTRAL,0
140263,8,POSITIVE,1
159590,0,NEUTRAL,0
166874,10,NEGATIVE,1
166660,13,POSITIVE,1
159930,9,NEUTRAL,0
99155,0,NEGATIVE,1
166968,9,NEUTRAL,0
149690,3,POSITIVE,1
89178,2,NEGATIVE,1
159882,5,NEUTRAL,0
149908,6,NEUTRAL,0
119482,8,NEGATIVE,1
119212,5,POSITIVE,1
159667,6,POSITIVE,1
129827,10,NEGATIVE,1
98757,8,POSITIVE,1
149613,0,NEUTRAL,0
99080,5,POSITIVE,1
166871,8,NEUTRAL,0
166916,7,NEUTRAL,1
109410,4,POSITIVE,1
140010,5,NEUTRAL,1
89509,2,NEUTRAL,1
129803,9,POSITIVE,1
166975,11,NEUTRAL,1
159929,1,NEGATIVE,1
89418,6,NEUTRAL,1
149937,8,POSITIVE,1
149657,2,NEUTRAL,1
166765,5,POSITIVE,1
119404,21,POSITIVE,1
99323,2,NEUTRAL,1
149786,0,NEGATIVE,1
109458,5,POSITIVE,1
176274,4,POSITIVE,1
166980,5,NEUTRAL,1
166983,9,POSITIVE,1
176188,0,POSITIVE,1
119285,9,NEUTRAL,1
89142,2,NEUTRAL,1
176478,6,POSITIVE,1
89488,1,NEUTRAL,1
99151,1,POSITIVE,1
130157,0,NEGATIVE,1
119594,4,POSITIVE,1
166781,1,NEUTRAL,1
109171,0,POSITIVE,1
149907,2,NEUTRAL,1
89289,1,NEUTRAL,1
109458,4,POSITIVE,1
130078,1,NEUTRAL,1
166996,5,NEGATIVE,1
139716,7,NEUTRAL,1
98706,3,POSITIVE,1
166904,5,NEUTRAL,1
119235,5,POSITIVE,1
98706,9,POSITIVE,1
119495,6,NEUTRAL,1
89576,1,NEUTRAL,1
149787,1,NEUTRAL,0
176195,3,POSITIVE,1
167034,10,POSITIVE,1
89142,0,NEUTRAL,0
149684,12,NEUTRAL,0
109415,10,POSITIVE,1
89489,7,POSITIVE,1
99223,4,POSITIVE,1
176479,2,NEGATIVE,1
89488,8,NEGATIVE,1
119405,6,NEUTRAL,0
166654,17,POSITIVE,1
89581,18,POSITIVE,1
130083,7,NEUTRAL,0
176355,4,NEUTRAL,0
89457,17,POSITIVE,1
129901,7,NEUTRAL,0
129755,0,NEUTRAL,0
99158,9,POSITIVE,1
166977,1,NEGATIVE,1
99157,0,NEUTRAL,1
159859,6,NEUTRAL,1
140086,5,POSITIVE,1
176349,2,POSITIVE,1
159591,2,NEGATIVE,1
89289,4,POSITIVE,1
166660,19,POSITIVE,1
166781,4,NEUTRAL,1
98806,6,POSITIVE,1
139975,5,NEUTRAL,1
130160,5,POSITIVE,1
98691,10,POSITIVE,1
139790,4,POSITIVE,1
139982,0,NEGATIVE,1
176768,1,POSITIVE,1
150097,3,POSITIVE,1
166776,0,NEUTRAL,1
99249,0,NEGATIVE,1
166979,3,POSITIVE,1
99088,1,NEGATIVE,1
159668,3,NEGATIVE,1
176125,7,NEGATIVE,1
119478,17,NEUTRAL,1
109169,6,POSITIVE,1
119428,11,NEUTRAL,1
159782,4,POSITIVE,1
130026,8,NEUTRAL,1
149623,11,POSITIVE,1
129996,11,NEUTRAL,1
119234,6,POSITIVE,1
149911,0,NEUTRAL,1
89488,2,POSITIVE,1
140147,11,NEGATIVE,1
119212,12,NEUTRAL,1
89457,21,NEUTRAL,1
140263,6,NEUTRAL,1
166874,1,NEUTRAL,1
140014,0,NEGATIVE,1
140327,3,POSITIVE,1
166777,11,NEUTRAL,1
119569,7,POSITIVE,1
129755,1,POSITIVE,1
98821,1,NEUTRAL,1
176123,7,NEUTRAL,1
159779,2,POSITIVE,1
176269,1,POSITIVE,1
130035,9,POSITIVE,1
119391,2,NEUTRAL,1
139844,5,POSITIVE,1
150096,7,POSITIVE,1
99304,2,NEUTRAL,1
129917,4,NEGATIVE,1
176771,8,NEUTRAL,1
89567,6,POSITIVE,1
89581,14,NEUTRAL,1
109274,3,POSITIVE,1
119495,8,NEUTRAL,1
166868,4,POSITIVE,1
98705,4,NEGATIVE,1
176121,6,NEGATIVE,1
140009,2,NEUTRAL,0
166853,2,NEUTRAL,0
129837,0,POSITIVE,1
99086,0,POSITIVE,1
89576,12,POSITIVE,1
176646,3,NEUTRAL,0
140016,5,POSITIVE,1
119484,9,NEGATIVE,1
119497,0,NEGATIVE,1
98702,12,POSITIVE,1
159563,2,NEUTRAL,0
176183,3,NEUTRAL,0
89144,13,NEUTRAL,0
89454,0,POSITIVE,1
159668,2,NEGATIVE,1
89506,3,NEUTRAL,0
129802,7,NEUTRAL,0
130006,10,NEGATIVE,1
166907,0,NEGATIVE,1
166782,3,NEUTRAL,0
176652,2,NEUTRAL,0
129797,0,POSITIVE,1
119418,3,POSITIVE,1
119592,15,NEUTRAL,0
119232,0,NEUTRAL,0
166904,10,NEGATIVE,1
166699,5,NEUTRAL,0
149954,12,NEGATIVE,1
159844,8,NEUTRAL,0
166908,4,POSITIVE,1
89429,5,NEUTRAL,0
176126,4,NEGATIVE,1
99044,6,NEGATIVE,1
176195,5,POSITIVE,1
119569,5,POSITIVE,1
99243,16,POSITIVE,1
159925,4,NEGATIVE,1
166825,0,POSITIVE,1
89161,1,NEUTRAL,0
159897,3,NEGATIVE,1
119646,6,NEUTRAL,1
98991,2,POSITIVE,1
119517,10,NEUTRAL,1
119727,8,POSITIVE,1
129829,2,NEGATIVE,1
89116,1,NEUTRAL,1
176230,8,POSITIVE,1
140131,13,POSITIVE,1
99130,13,NEUTRAL,1
176159,0,NEUTRAL,1
166933,10,POSITIVE,1
139957,2,POSITIVE,1
109438,3,NEUTRAL,1
119731,11,POSITIVE,1
166824,12,POSITIVE,1
166721,6,NEGATIVE,1
99344,5,NEUTRAL,1
89104,3,NEUTRAL,1
89221,4,NEUTRAL,1
159917,1,POSITIVE,1
119363,7,NEGATIVE,1
166712,11,POSITIVE,1
176563,3,POSITIVE,1
98735,1,NEUTRAL,1
166745,6,NEUTRAL,1
159648,12,POSITIVE,1
119473,11,NEUTRAL,1
139767,8,POSITIVE,1
109438,17,NEUTRAL,1
119363,10,NEGATIVE,1
140190,5,NEUTRAL,1
119209,10,NEGATIVE,1
166887,3,NEGATIVE,1
166766,1,POSITIVE,1
149834,1,POSITIVE,1
149628,7,POSITIVE,1
130057,4,NEUTRAL,1
176299,6,NEGATIVE,1
119379,9,NEUTRAL,1
99137,7,POSITIVE,1
176301,3,POSITIVE,1
109345,9,NEUTRAL,0
139756,4,POSITIVE,1
139749,13,NEUTRAL,0
99135,1,NEUTRAL,0
98795,11,POSITIVE,1
149920,1,NEUTRAL,0
99365,0,POSITIVE,1
166717,1,NEUTRAL,0
149600,7,NEUTRAL,0
89358,1,NEGATIVE,1
89120,5,NEGATIVE,1
119381,2,NEUTRAL,0
140131,12,POSITIVE,1
109132,14,POSITIVE,1
176564,1,NEGATIVE,1
119520,1,POSITIVE,1
166824,8,NEGATIVE,1
119199,0,NEGATIVE,1
89122,0,NEUTRAL,0
109500,1,POSITIVE,1
119545,6,NEUTRAL,0
159652,5,POSITIVE,1
159868,3,POSITIVE,1
109135,6,POSITIVE,1
149626,4,NEUTRAL,0
119625,5,NEUTRAL,0
166746,10,NEUTRAL,0
119508,2,POSITIVE,1
176410,5,NEUTRAL,0
129712,0,NEGATIVE,1
159648,8,POSITIVE,1
140322,3,POSITIVE,1
98718,6,NEUTRAL,0
149658,6,POSITIVE,1
129850,5,NEUTRAL,0
176296,1,NEUTRAL,0
89431,7,POSITIVE,1
119470,8,NEUTRAL,0
98792,1,NEUTRAL,0
159903,1,NEUTRAL,1
176564,7,POSITIVE,1
139953,5,NEUTRAL,1
99229,3,NEGATIVE,1
159917,2,POSITIVE,1
89159,4,NEGATIVE,1
166577,8,NEUTRAL,1
166615,6,NEGATIVE,1
98729,11,NEUTRAL,1
109429,1,NEUTRAL,1
109358,6,NEGATIVE,1
109432,3,NEGATIVE,1
159727,3,POSITIVE,1
139696,11,NEUTRAL,1
109442,9,NEUTRAL,1
99180,4,NEUTRAL,1
140285,4,NEGATIVE,1
129856,1,POSITIVE,1
149652,12,NEUTRAL,1
149705,2,NEUTRAL,1
176543,2,POSITIVE,1
98716,3,NEUTRAL,0
140140,0,NEUTRAL,0
98731,3,POSITIVE,1
119442,10,NEGATIVE,1
89158,0,POSITIVE,1
119625,10,POSITIVE,1
140283,5,NEUTRAL,0
89156,2,POSITIVE,1
99141,11,POSITIVE,1
166511,8,POSITIVE,1
119442,3,NEGATIVE,1
98786,1,POSITIVE,1
149599,3,NEUTRAL,0
159727,4,NEGATIVE,1
149706,8,POSITIVE,1
109129,0,POSITIVE,1
98720,1,NEGATIVE,1
139919,8,POSITIVE,1
89435,1,POSITIVE,1
140117,12,POSITIVE,1
109496,8,NEUTRAL,1
129621,12,NEUTRAL,1
176570,3,POSITIVE,1
149654,1,NEUTRAL,1
119712,8,POSITIVE,1
119518,3,NEUTRAL,1
159897,5,POSITIVE,1
140042,1,NEGATIVE,1
129981,1,POSITIVE,1
109345,6,NEUTRAL,1
119508,9,NEGATIVE,1
109353,2,NEUTRAL,1
166525,2,NEUTRAL,1
119470,11,NEUTRAL,1
140033,0,NEUTRAL,1
89103,6,NEGATIVE,1
89434,0,NEGATIVE,1
139769,0,POSITIVE,1
109324,1,POSITIVE,1
166619,7,NEGATIVE,1
99137,8,NEUTRAL,0
140196,6,POSITIVE,1
166616,6,POSITIVE,1
109498,5,POSITIVE,1
109345,5,POSITIVE,1
98717,7,NEGATIVE,1
166822,4,POSITIVE,1
139917,9,NEGATIVE,1
166944,20,NEUTRAL,0
176306,0,NEUTRAL,0
89344,3,NEGATIVE,1
129718,8,NEUTRAL,0
159896,7,NEUTRAL,0
176402,5,POSITIVE,1
99135,15,NEGATIVE,1
119760,2,POSITIVE,1
159729,1,NEGATIVE,1
119197,4,NEUTRAL,0
176405,5,NEGATIVE,1
140197,5,NEUTRAL,1
119716,5,POSITIVE,1
109489,4,NEUTRAL,1
109329,8,NEUTRAL,1
176569,2,POSITIVE,1
109432,6,POSITIVE,1
166525,5,POSITIVE,1
166823,13,POSITIVE,1
140068,4,NEUTRAL,1
166527,7,POSITIVE,1
176226,11,POSITIVE,1
89101,3,NEGATIVE,1
139691,10,NEUTRAL,1
89101,1,NEUTRAL,1
99129,5,NEGATIVE,1
119716,7,POSITIVE,1
149918,3,POSITIVE,1
159916,4,NEUTRAL,1
129766,8,NEUTRAL,1
119758,8,POSITIVE,1
166618,17,NEGATIVE,1
159922,2,POSITIVE,1
140345,6,NEUTRAL,0
159719,4,NEGATIVE,1
129623,9,NEUTRAL,0
149839,5,NEGATIVE,1
89434,3,NEUTRAL,0
119311,9,NEUTRAL,0
99186,6,NEGATIVE,1
149872,0,NEUTRAL,0
140117,10,POSITIVE,1
176564,2,NEGATIVE,1
129715,6,NEUTRAL,0
109104,0,NEUTRAL,0
140044,13,NEUTRAL,0
89430,4,POSITIVE,1
129829,8,POSITIVE,1
109103,0,NEUTRAL,0
140111,5,NEUTRAL,0
139813,1,NEUTRAL,0
166521,4,POSITIVE,1
98718,2,POSITIVE,1
99102,7,NEUTRAL,0
109423,3,NEUTRAL,0
140140,14,NEUTRAL,0
139915,4,POSITIVE,1
166889,1,NEUTRAL,0
176405,6,NEUTRAL,0
129619,9,NEUTRAL,0
166940,2,POSITIVE,1
89099,3,NEGATIVE,1
176296,7,POSITIVE,1
176153,2,POSITIVE,1
166520,0,POSITIVE,1
166511,12,NEUTRAL,0
159901,3,POSITIVE,1
99135,3,POSITIVE,1
166576,3,POSITIVE,1
166620,15,NEUTRAL,0
166711,12,POSITIVE,1
99274,2,POSITIVE,1
129878,5,NEUTRAL,0
159921,8,POSITIVE,1
99201,6,POSITIVE,1
176155,1,POSITIVE,1
99282,2,POSITIVE,1
119476,1,NEUTRAL,0
129766,3,POSITIVE,1
109110,7,NEUTRAL,0
119521,4,NEGATIVE,1
109345,0,POSITIVE,1
140072,18,POSITIVE,1
166823,2,NEUTRAL,0
166718,14,NEUTRAL,0
119250,5,POSITIVE,1
159757,0,POSITIVE,1
89355,2,NEUTRAL,0
119311,5,POSITIVE,1
109354,9,NEGATIVE,1
119321,1,NEUTRAL,0
159873,5,NEUTRAL,1
89153,0,POSITIVE,1
176225,2,NEGATIVE,1
119476,6,POSITIVE,1
139764,10,NEUTRAL,1
99185,4,POSITIVE,1
139768,5,POSITIVE,1
149765,13,POSITIVE,1
139771,7,NEGATIVE,1
119731,0,POSITIVE,1
149600,5,NEGATIVE,1
99185,3,NEGATIVE,1
140044,3,POSITIVE,1
149862,8,POSITIVE,1
176561,9,POSITIVE,1
119199,6,NEUTRAL,1
140347,2,POSITIVE,1
140344,5,NEGATIVE,1
140195,7,NEUTRAL,1
139768,0,POSITIVE,1
159921,4,POSITIVE,1
140277,0,NEUTRAL,1
159920,8,POSITIVE,1
140046,4,NEUTRAL,1
119208,4,NEUTRAL,1
109123,11,NEUTRAL,0
119712,3,POSITIVE,1
149841,1,POSITIVE,1
166522,9,POSITIVE,1
98718,4,POSITIVE,1
176154,12,NEGATIVE,1
139812,2,POSITIVE,1
119761,1,NEUTRAL,1
109132,8,POSITIVE,1
159921,10,POSITIVE,1
129852,1,POSITIVE,1
139753,2,NEGATIVE,1
176303,6,POSITIVE,1
176304,8,NEUTRAL,1
99296,0,NEUTRAL,1
176229,16,NEUTRAL,0
166891,8,POSITIVE,1
119517,8,NEGATIVE,1
119319,0,NEUTRAL,0
109329,0,POSITIVE,1
149870,1,NEGATIVE,1
119517,12,POSITIVE,1
119197,6,NEUTRAL,0
176570,11,POSITIVE,1
139720,4,NEUTRAL,0
176232,12,POSITIVE,1
166712,8,NEUTRAL,0
119728,7,NEUTRAL,0
99185,0,NEUTRAL,0
129621,14,NEUTRAL,0
149654,4,NEUTRAL,0
176225,6,NEUTRAL,0
119760,4,POSITIVE,1
149919,3,NEGATIVE,1
119456,0,NEUTRAL,0
99136,9,NEUTRAL,1
149600,2,POSITIVE,1
98794,5,NEUTRAL,1
149654,7,NEUTRAL,1
166885,5,POSITIVE,1
166928,13,NEUTRAL,1
166928,0,POSITIVE,1
119188,4,NEUTRAL,1
89101,4,NEGATIVE,1
149708,4,POSITIVE,1
109344,1,NEUTRAL,1
140142,7,NEUTRAL,1
119343,8,NEUTRAL,1
119508,7,POSITIVE,1
166603,3,POSITIVE,1
139721,8,POSITIVE,1
129718,15,POSITIVE,1
109135,14,NEUTRAL,1
159658,11,POSITIVE,1
89353,3,POSITIVE,1
140322,14,NEGATIVE,1
140111,13,POSITIVE,1
119189,2,NEGATIVE,1
139691,7,NEUTRAL,1
176147,7,NEUTRAL,1
166932,3,NEGATIVE,1
176225,7,POSITIVE,1
109495,1,NEGATIVE,1
119727,10,NEUTRAL,1
176223,0,NEUTRAL,1
159878,6,POSITIVE,1
140111,12,POSITIVE,1
176407,3,POSITIVE,1
166617,0,POSITIVE,1
89098,1,POSITIVE,1
166887,1,NEGATIVE,1
166574,2,POSITIVE,1
159653,4,POSITIVE,1
129972,6,NEUTRAL,1
119757,2,NEGATIVE,1
119713,2,POSITIVE,1
109499,0,NEGATIVE,1
140116,8,NEUTRAL,1
166717,3,NEUTRAL,1
99203,1,NEUTRAL,1
149709,2,POSITIVE,1
98734,2,NEUTRAL,1
139768,7,NEUTRAL,1
119190,3,POSITIVE,1
119442,0,NEGATIVE,1
119441,3,NEUTRAL,1
109428,6,NEUTRAL,1
109128,2,NEGATIVE,1
109488,4,NEUTRAL,1
139810,4,NEGATIVE,1
176410,6,POSITIVE,1
119209,4,NEUTRAL,1
109135,2,NEGATIVE,1
119189,6,POSITIVE,1
109110,4,NEUTRAL,1
109438,0,NEUTRAL,1
99127,1,NEUTRAL,1
139720,1,POSITIVE,1
99204,10,POSITIVE,1
166827,8,NEUTRAL,1
166618,6,POSITIVE,1
166929,5,NEUTRAL,1
176296,3,POSITIVE,1
159756,9,NEUTRAL,1
139919,0,POSITIVE,1
99364,0,POSITIVE,1
139694,6,POSITIVE,1
109129,1,POSITIVE,1
109488,6,NEUTRAL,1
166522,7,NEUTRAL,1
98904,0,NEGATIVE,1
166886,7,NEUTRAL,1
176562,10,POSITIVE,1
159833,5,POSITIVE,1
119727,4,POSITIVE,1
89360,0,NEGATIVE,1
166615,1,NEUTRAL,1
119469,6,POSITIVE,1
166839,2,POSITIVE,1
159873,4,POSITIVE,1
98740,3,NEUTRAL,1
140033,8,POSITIVE,1
119551,4,POSITIVE,1
109218,8,POSITIVE,1
139719,4,NEUTRAL,1
119203,10,NEUTRAL,1
119473,6,NEUTRAL,1
139752,12,POSITIVE,1
129983,2,POSITIVE,1
166929,2,NEGATIVE,1
119185,15,NEUTRAL,1
159717,5,NEUTRAL,1
119626,7,POSITIVE,1
119625,12,POSITIVE,1
139919,2,POSITIVE,1
176158,7,POSITIVE,1
109358,5,NEUTRAL,1
119646,2,POSITIVE,1
119316,2,POSITIVE,1
140284,7,POSITIVE,1
98792,0,NEUTRAL,1
99039,3,NEUTRAL,1
119201,13,NEUTRAL,1
166525,7,POSITIVE,1
176562,7,POSITIVE,1
119469,12,POSITIVE,1
89344,0,POSITIVE,1
149599,0,NEUTRAL,1
130053,4,NEGATIVE,1
89431,11,POSITIVE,1
176153,5,NEUTRAL,1
176159,2,NEUTRAL,1
140198,4,NEGATIVE,1
159869,7,POSITIVE,1
99271,9,NEUTRAL,1
166522,0,NEGATIVE,1
176559,7,POSITIVE,1
140217,0,POSITIVE,1
149646,13,NEUTRAL,0
139750,6,NEUTRAL,0
109138,9,NEGATIVE,1
166891,5,POSITIVE,1
176227,0,NEUTRAL,0
99125,2,NEGATIVE,1
89161,3,POSITIVE,1
159874,8,POSITIVE,1
119728,1,POSITIVE,1
140069,7,NEUTRAL,0
89151,4,NEUTRAL,0
166616,5,NEUTRAL,0
129983,1,POSITIVE,1
176566,2,NEGATIVE,1
119249,1,NEUTRAL,0
166929,7,NEUTRAL,0
119315,5,NEUTRAL,0
129880,6,NEUTRAL,1
99040,4,POSITIVE,1
98733,2,NEUTRAL,1
99137,0,NEGATIVE,1
139917,6,NEUTRAL,1
140046,5,NEUTRAL,1
129616,0,POSITIVE,1
166942,1,POSITIVE,1
139719,8,NEUTRAL,1
176149,7,NEUTRAL,1
129982,1,NEGATIVE,1
140033,9,NEUTRAL,1
176224,1,NEGATIVE,1
119206,5,POSITIVE,1
89342,4,NEUTRAL,1
119321,14,NEUTRAL,1
140074,13,POSITIVE,1
119456,3,POSITIVE,1
149710,5,POSITIVE,1
109132,12,POSITIVE,1
89362,3,POSITIVE,1
140111,6,POSITIVE,1
119445,2,NEUTRAL,1
129961,1,NEGATIVE,1
129877,5,NEUTRAL,1
129614,3,POSITIVE,1
139719,3,NEUTRAL,1
176160,1,NEUTRAL,1
140217,5,NEUTRAL,1
140117,1,POSITIVE,1
119344,4,NEGATIVE,1
119381,1,NEUTRAL,1
139955,5,NEUTRAL,1
176402,10,NEUTRAL,1
109218,0,NEGATIVE,1
149631,5,POSITIVE,1
139810,11,POSITIVE,1
139766,4,NEGATIVE,1
166889,10,NEUTRAL,1
89101,5,NEGATIVE,1
89158,5,NEGATIVE,1
119315,9,NEUTRAL,0
99101,4,POSITIVE,1
98732,7,NEGATIVE,1
99204,11,POSITIVE,1
140197,3,NEUTRAL,0
119344,8,POSITIVE,1
176300,1,NEUTRAL,0
176305,3,NEUTRAL,0
109429,6,NEUTRAL,0
109110,6,NEUTRAL,0
176304,7,NEGATIVE,1
166716,5,POSITIVE,1
166808,17,POSITIVE,1
119310,2,POSITIVE,1
119253,1,POSITIVE,1
159820,3,NEUTRAL,0
98909,0,NEUTRAL,0
98741,5,POSITIVE,1
129612,2,NEUTRAL,0
149600,3,POSITIVE,1
129964,0,POSITIVE,1
140029,0,NEUTRAL,1
119321,6,NEUTRAL,1
119712,6,POSITIVE,1
159815,0,POSITIVE,1
149914,2,NEUTRAL,1
166745,0,POSITIVE,1
98795,4,NEUTRAL,1
159870,3,POSITIVE,1
166888,6,NEGATIVE,1
129961,0,NEGATIVE,1
166808,18,NEUTRAL,1
129972,16,NEUTRAL,1
149920,3,POSITIVE,1
99363,8,NEUTRAL,1
176562,8,POSITIVE,1
166889,7,POSITIVE,1
149652,8,POSITIVE,1
166720,10,POSITIVE,1
